alexandria, ghcr.io/ocicl/alexandria@sha256:407634b0781b2d8fc3e55a30432bcb5d0c042af2feb2d1d72de825940b0fb0df, alexandria-20260812-f283e25/alexandria.asd
anaphora, ghcr.io/ocicl/anaphora@sha256:55f1c61b7826c5451a60b4b4522e35e770504bbfa2036d8becbf21f6d654925a, anaphora-20240503-bcf0f74/anaphora.asd
array-utils, ghcr.io/ocicl/array-utils@sha256:a74a7050591fc003ec9c35f1de8f41a5c8ac1a6157ced767ed6e5a73c2596cbf, array-utils-20260218-16e108a/array-utils.asd
array-utils-test, ghcr.io/ocicl/array-utils@sha256:a74a7050591fc003ec9c35f1de8f41a5c8ac1a6157ced767ed6e5a73c2596cbf, array-utils-20260218-16e108a/array-utils-test.asd
atomics, ghcr.io/ocicl/atomics@sha256:47645f75191931211547cdcf578a40b24019d58f48c83d93e9055aec79c877fd, atomics-20260218-ce398c4/atomics.asd
atomics-test, ghcr.io/ocicl/atomics@sha256:47645f75191931211547cdcf578a40b24019d58f48c83d93e9055aec79c877fd, atomics-20260218-ce398c4/atomics-test.asd
autoload, ghcr.io/ocicl/mgl-pax@sha256:b394d2470c087acaf0ccd59899b718abfa59b4726bdfea482977f6b3e104c0e5, mgl-pax-20260313-f7f9414/autoload/autoload.asd
babel, ghcr.io/ocicl/babel@sha256:9d9fcde71acc2b5c39572de4f11756a08c1d8801caa86c581b85dabaa35928b3, babel-20250905-4eaf3f2/babel.asd
babel-streams, ghcr.io/ocicl/babel@sha256:9d9fcde71acc2b5c39572de4f11756a08c1d8801caa86c581b85dabaa35928b3, babel-20250905-4eaf3f2/babel-streams.asd
babel-tests, ghcr.io/ocicl/babel@sha256:9d9fcde71acc2b5c39572de4f11756a08c1d8801caa86c581b85dabaa35928b3, babel-20250905-4eaf3f2/babel-tests.asd
bobbin, ghcr.io/ocicl/bobbin@sha256:7368d88e9f1d8a94b9bddf5e1887e384ef738235570142dd1cfe98c90077cc13, bobbin-20240503-b454e82/bobbin.asd
bordeaux-threads, ghcr.io/ocicl/bordeaux-threads@sha256:bbb32afe3987e102149cc019f4f7366a05f7a37d1503f5f86a27745e671c320a, bordeaux-threads-0.9.4/bordeaux-threads.asd
cffi, ghcr.io/ocicl/cffi@sha256:ff62b9cedea80fe2c6ea0701757e2b301b6ee9aafa1ae720966ff2611e94f76b, cffi-20260821-787d3cd/cffi.asd
cffi-examples, ghcr.io/ocicl/cffi@sha256:ff62b9cedea80fe2c6ea0701757e2b301b6ee9aafa1ae720966ff2611e94f76b, cffi-20260821-787d3cd/cffi-examples.asd
cffi-grovel, ghcr.io/ocicl/cffi@sha256:ff62b9cedea80fe2c6ea0701757e2b301b6ee9aafa1ae720966ff2611e94f76b, cffi-20260821-787d3cd/cffi-grovel.asd
cffi-libffi, ghcr.io/ocicl/cffi@sha256:ff62b9cedea80fe2c6ea0701757e2b301b6ee9aafa1ae720966ff2611e94f76b, cffi-20260821-787d3cd/cffi-libffi.asd
cffi-tests, ghcr.io/ocicl/cffi@sha256:ff62b9cedea80fe2c6ea0701757e2b301b6ee9aafa1ae720966ff2611e94f76b, cffi-20260821-787d3cd/cffi-tests.asd
cffi-toolchain, ghcr.io/ocicl/cffi@sha256:ff62b9cedea80fe2c6ea0701757e2b301b6ee9aafa1ae720966ff2611e94f76b, cffi-20260821-787d3cd/cffi-toolchain.asd
cffi-uffi-compat, ghcr.io/ocicl/cffi@sha256:ff62b9cedea80fe2c6ea0701757e2b301b6ee9aafa1ae720966ff2611e94f76b, cffi-20260821-787d3cd/cffi-uffi-compat.asd
chunga, ghcr.io/ocicl/chunga@sha256:a2558d54ac5d4ccdbf49d7b51fcb074762d77e263ec67245f6d2928477b6d19a, chunga-20250814-1310e96/chunga.asd
circular-streams, ghcr.io/ocicl/circular-streams@sha256:4e63fd6b983fea03cc2b71af8b22cdc492ea4393538ca5b4cec762a561e15060, circular-streams-20240503-e770bad/circular-streams.asd
circular-streams-test, ghcr.io/ocicl/circular-streams@sha256:4e63fd6b983fea03cc2b71af8b22cdc492ea4393538ca5b4cec762a561e15060, circular-streams-20240503-e770bad/circular-streams-test.asd
cl-base64, ghcr.io/ocicl/cl-base64@sha256:702412dbc1ed825e275fb23e22c29527eb786bf644e47c7621bf0dbb34e17c7e, cl-base64-20240503-80496b7/cl-base64.asd
cl-base64-tests, ghcr.io/ocicl/cl-base64@sha256:702412dbc1ed825e275fb23e22c29527eb786bf644e47c7621bf0dbb34e17c7e, cl-base64-20240503-80496b7/cl-base64-tests.asd
cl-dbi, ghcr.io/ocicl/cl-dbi@sha256:831b6c4b26fcd003cd1ed4a2e42a5620128bd577ff077d4c6400a076e41bbff8, cl-dbi-20250928-be4df4f/cl-dbi.asd
cl-fad, ghcr.io/ocicl/cl-fad@sha256:c0aaffc859e419e0a94cedb08f48c2484da404363fb0fe4ffd6e09a80aadafe1, cl-fad-0.7.6/cl-fad.asd
cl-indentify, ghcr.io/ocicl/cl-indentify@sha256:30ff709a629b31630169194b2a832223201513320a90a0cdde4fc4ca3a0e3963, cl-indentify-20241228-a5fba03/cl-indentify.asd
cl-isaac, ghcr.io/ocicl/cl-isaac@sha256:9240ff7f4374b7063138e16b8e5cf4d2de86416751e6970cf38ede64c0b744d5, cl-isaac-20240503-51ee060/cl-isaac.asd
cl-json, ghcr.io/ocicl/cl-json@sha256:54c4d00901c2c5b0ea9da11eed8f0104fc5819e1ed9a29d1f3364503a720a868, cl-json-20240907-994dd38/cl-json.asd
cl-pass, ghcr.io/ocicl/cl-pass@sha256:2fc31a528c9d889c7f69fddf2d54ebeeceb482b8df57d7258435e5451ce222d8, cl-pass-20240503-e58e97c/cl-pass.asd
cl-pass-test, ghcr.io/ocicl/cl-pass@sha256:2fc31a528c9d889c7f69fddf2d54ebeeceb482b8df57d7258435e5451ce222d8, cl-pass-20240503-e58e97c/cl-pass-test.asd
cl-ppcre, ghcr.io/ocicl/cl-ppcre@sha256:bf073924cf4fd5957a4fd961a95d446ed0e53fa32a5002cbd2d52182874f45e5, cl-ppcre-20250606-a2ea581/cl-ppcre.asd
cl-ppcre-unicode, ghcr.io/ocicl/cl-ppcre@sha256:bf073924cf4fd5957a4fd961a95d446ed0e53fa32a5002cbd2d52182874f45e5, cl-ppcre-20250606-a2ea581/cl-ppcre-unicode.asd
cl-reexport, ghcr.io/ocicl/cl-reexport@sha256:c795feb3e3727a19e61797187eb31bac1e855b1332335d26752200a28e9b9da8, cl-reexport-20240503-03ad7a0/cl-reexport.asd
cl-reexport-test, ghcr.io/ocicl/cl-reexport@sha256:c795feb3e3727a19e61797187eb31bac1e855b1332335d26752200a28e9b9da8, cl-reexport-20240503-03ad7a0/cl-reexport-test.asd
cl-template, ghcr.io/ocicl/cl-template@sha256:77fe11d9e0a68bbc8333b94825145c8313dbeba422a71588f6d8e00e1d3807a4, cl-template-20240503-46193a9/cl-template.asd
cl-utilities, ghcr.io/ocicl/cl-utilities@sha256:e5e0676a4e0627332a0fe64d56ed4f1890f0466d715a11e8d95561b4c2baa38f, cl-utilities-20240503-6b4de39/cl-utilities.asd
cl_plus_ssl, ghcr.io/ocicl/cl_plus_ssl@sha256:d50fbbba38827e835eec2415744e0fb05a2a0bf4d44940cdc23922f15036efe5, cl-plus-ssl-20251220-499b2f5/cl+ssl.asd
cl_plus_ssl.test, ghcr.io/ocicl/cl_plus_ssl@sha256:d50fbbba38827e835eec2415744e0fb05a2a0bf4d44940cdc23922f15036efe5, cl-plus-ssl-20251220-499b2f5/cl+ssl.test.asd
clack, ghcr.io/ocicl/clack@sha256:9457bea28f1ee9c49a7626c2ee23c181b5af3636b5e64a27a46ef8535818947f, clack-20241101-935be5b/clack.asd
clack-handler-hunchentoot, ghcr.io/ocicl/clack@sha256:9457bea28f1ee9c49a7626c2ee23c181b5af3636b5e64a27a46ef8535818947f, clack-20241101-935be5b/clack-handler-hunchentoot.asd
clack-handler-toot, ghcr.io/ocicl/clack@sha256:9457bea28f1ee9c49a7626c2ee23c181b5af3636b5e64a27a46ef8535818947f, clack-20241101-935be5b/clack-handler-toot.asd
clack-handler-wookie, ghcr.io/ocicl/clack@sha256:9457bea28f1ee9c49a7626c2ee23c181b5af3636b5e64a27a46ef8535818947f, clack-20241101-935be5b/clack-handler-wookie.asd
clack-socket, ghcr.io/ocicl/clack@sha256:9457bea28f1ee9c49a7626c2ee23c181b5af3636b5e64a27a46ef8535818947f, clack-20241101-935be5b/clack-socket.asd
clack-test, ghcr.io/ocicl/clack@sha256:9457bea28f1ee9c49a7626c2ee23c181b5af3636b5e64a27a46ef8535818947f, clack-20241101-935be5b/clack-test.asd
clingon, ghcr.io/ocicl/clingon@sha256:27d1426613e66fd28223c737bd7886dfdd4f20df742212bd0903c2fc6791871f, clingon-20260807-e7e936b/clingon.asd
clingon.demo, ghcr.io/ocicl/clingon@sha256:27d1426613e66fd28223c737bd7886dfdd4f20df742212bd0903c2fc6791871f, clingon-20260807-e7e936b/clingon.demo.asd
clingon.intro, ghcr.io/ocicl/clingon@sha256:27d1426613e66fd28223c737bd7886dfdd4f20df742212bd0903c2fc6791871f, clingon-20260807-e7e936b/clingon.intro.asd
clingon.test, ghcr.io/ocicl/clingon@sha256:27d1426613e66fd28223c737bd7886dfdd4f20df742212bd0903c2fc6791871f, clingon-20260807-e7e936b/clingon.test.asd
clog, ghcr.io/ocicl/clog@sha256:b168030f588e5f1310c20b2a6e05606cf5d39b7ae6118b8a73ccab93ea2d0720, clog-20260812-9ee022a/clog.asd
clog-ace, ghcr.io/ocicl/clog-ace@sha256:3b7c9c9d69c78be2838893de75ee348a8e936d3a62b8ab0c6f4f3dd964975da2, clog-ace-20241010-412dcd1/clog-ace.asd
clog-terminal, ghcr.io/ocicl/clog-terminal@sha256:dcd2c1eaf833f7be61857007be8db32a9e035e90c8107aab68a3aeaaf94ea8f8, clog-terminal-20240709-304e330/clog-terminal.asd
closer-mop, ghcr.io/ocicl/closer-mop@sha256:39ec579e68118a8be57a7882812ff31094a031f88b77f11cf4434a92261f1126, closer-mop-20260329-04db182/closer-mop.asd
dbd-mysql, ghcr.io/ocicl/cl-dbi@sha256:831b6c4b26fcd003cd1ed4a2e42a5620128bd577ff077d4c6400a076e41bbff8, cl-dbi-20250928-be4df4f/dbd-mysql.asd
dbd-null, ghcr.io/ocicl/cl-dbi@sha256:831b6c4b26fcd003cd1ed4a2e42a5620128bd577ff077d4c6400a076e41bbff8, cl-dbi-20250928-be4df4f/dbd-null.asd
dbd-postgres, ghcr.io/ocicl/cl-dbi@sha256:831b6c4b26fcd003cd1ed4a2e42a5620128bd577ff077d4c6400a076e41bbff8, cl-dbi-20250928-be4df4f/dbd-postgres.asd
dbd-sqlite3, ghcr.io/ocicl/cl-dbi@sha256:831b6c4b26fcd003cd1ed4a2e42a5620128bd577ff077d4c6400a076e41bbff8, cl-dbi-20250928-be4df4f/dbd-sqlite3.asd
dbi, ghcr.io/ocicl/cl-dbi@sha256:831b6c4b26fcd003cd1ed4a2e42a5620128bd577ff077d4c6400a076e41bbff8, cl-dbi-20250928-be4df4f/dbi.asd
dbi-test, ghcr.io/ocicl/cl-dbi@sha256:831b6c4b26fcd003cd1ed4a2e42a5620128bd577ff077d4c6400a076e41bbff8, cl-dbi-20250928-be4df4f/dbi-test.asd
definitions, ghcr.io/ocicl/definitions@sha256:5a83e2219e98cb725582213bbd7a50bb1ec83fb5bbbc8c83eec8e70549b04c9f, definitions-20260218-8697960/definitions.asd
documentation-utils, ghcr.io/ocicl/documentation-utils@sha256:b2a1b3f3bcd1a738af85ae2b0168d408c177661eab6d6bbebb254e394d983f54, documentation-utils-20230511-98630dd/documentation-utils.asd
dref, ghcr.io/ocicl/mgl-pax@sha256:b394d2470c087acaf0ccd59899b718abfa59b4726bdfea482977f6b3e104c0e5, mgl-pax-20260313-f7f9414/dref/dref.asd
dref-test, ghcr.io/ocicl/mgl-pax@sha256:b394d2470c087acaf0ccd59899b718abfa59b4726bdfea482977f6b3e104c0e5, mgl-pax-20260313-f7f9414/dref/dref-test.asd
dref-test-package-inferred, ghcr.io/ocicl/mgl-pax@sha256:b394d2470c087acaf0ccd59899b718abfa59b4726bdfea482977f6b3e104c0e5, mgl-pax-20260313-f7f9414/dref/test/data/dref-test-package-inferred.asd
event-emitter, ghcr.io/ocicl/event-emitter@sha256:dc8a9abdd0ec681dcb611dddfe0b2e037dc60ac3cab6bbffbc438e803f0217bd, event-emitter-20240607-d8bd3d9/event-emitter.asd
event-emitter-benchmark, ghcr.io/ocicl/event-emitter@sha256:dc8a9abdd0ec681dcb611dddfe0b2e037dc60ac3cab6bbffbc438e803f0217bd, event-emitter-20240607-d8bd3d9/event-emitter-benchmark.asd
event-emitter-test, ghcr.io/ocicl/event-emitter@sha256:dc8a9abdd0ec681dcb611dddfe0b2e037dc60ac3cab6bbffbc438e803f0217bd, event-emitter-20240607-d8bd3d9/event-emitter-test.asd
fast-http, ghcr.io/ocicl/fast-http@sha256:1eb91157b8adb9c46c7b80cd0078819d49d6ec397c7a7a072c94dbfab3271964, fast-http-20260406-03d440d/fast-http.asd
fast-http-test, ghcr.io/ocicl/fast-http@sha256:1eb91157b8adb9c46c7b80cd0078819d49d6ec397c7a7a072c94dbfab3271964, fast-http-20260406-03d440d/fast-http-test.asd
fast-io, ghcr.io/ocicl/fast-io@sha256:7ba35a0eddf00b3c25656b3c5a93e95460f6cb8f807afbc04ef4f50076d95aff, fast-io-20240503-a4c5ad6/fast-io.asd
fast-io-test, ghcr.io/ocicl/fast-io@sha256:7ba35a0eddf00b3c25656b3c5a93e95460f6cb8f807afbc04ef4f50076d95aff, fast-io-20240503-a4c5ad6/fast-io-test.asd
fast-websocket, ghcr.io/ocicl/fast-websocket@sha256:046c8152322c407ba5362900a957733ed7531a0c00dab7c323dfcfacdd347a0c, fast-websocket-20240513-66ea866/fast-websocket.asd
fast-websocket-test, ghcr.io/ocicl/fast-websocket@sha256:046c8152322c407ba5362900a957733ed7531a0c00dab7c323dfcfacdd347a0c, fast-websocket-20240513-66ea866/fast-websocket-test.asd
flexi-streams, ghcr.io/ocicl/flexi-streams@sha256:95005b06a8a95c82780c75ead53810bcb273d07fcf5fe76b527f1856df9923f2, flexi-streams-20240503-4951d57/flexi-streams.asd
flexi-streams-test, ghcr.io/ocicl/flexi-streams@sha256:95005b06a8a95c82780c75ead53810bcb273d07fcf5fe76b527f1856df9923f2, flexi-streams-20240503-4951d57/flexi-streams-test.asd
global-vars, ghcr.io/ocicl/global-vars@sha256:d197e871c9c9abc4bf31b1186f5fd28f0ca848ebe2e9dddf2d82ecee01dbdc65, global-vars-20240503-c749f32/global-vars.asd
global-vars-test, ghcr.io/ocicl/global-vars@sha256:d197e871c9c9abc4bf31b1186f5fd28f0ca848ebe2e9dddf2d82ecee01dbdc65, global-vars-20240503-c749f32/global-vars-test.asd
hello-builder, ghcr.io/ocicl/clog@sha256:b168030f588e5f1310c20b2a6e05606cf5d39b7ae6118b8a73ccab93ea2d0720, clog-20260812-9ee022a/tutorial/28-tutorial/hello-builder/hello-builder.asd
hello-clog, ghcr.io/ocicl/clog@sha256:b168030f588e5f1310c20b2a6e05606cf5d39b7ae6118b8a73ccab93ea2d0720, clog-20260812-9ee022a/tutorial/13-tutorial/hello-clog/hello-clog.asd
http-body, ghcr.io/ocicl/http-body@sha256:9582cd3d8ee1720d13bbfc9be857a8e41c927aebf9882fc8a5a2842fa5f80ddd, http-body-20241126-6c84ce8/http-body.asd
http-body-test, ghcr.io/ocicl/http-body@sha256:9582cd3d8ee1720d13bbfc9be857a8e41c927aebf9882fc8a5a2842fa5f80ddd, http-body-20241126-6c84ce8/http-body-test.asd
hunchentoot, ghcr.io/ocicl/hunchentoot@sha256:1dbccc1f9770d3d8917ef87d71720b4ec7f2d6bebf24a3072afca478b00b4427, hunchentoot-1.3.1/hunchentoot.asd
iolib, ghcr.io/ocicl/iolib@sha256:0f523172cd40b937dc1ed3ecd8d3ac1b5cb41c772c60f7ccbc42b2fa9e315047, iolib-20260812-c939f25/iolib.asd
iolib.asdf, ghcr.io/ocicl/iolib@sha256:0f523172cd40b937dc1ed3ecd8d3ac1b5cb41c772c60f7ccbc42b2fa9e315047, iolib-20260812-c939f25/iolib.asdf.asd
iolib.base, ghcr.io/ocicl/iolib@sha256:0f523172cd40b937dc1ed3ecd8d3ac1b5cb41c772c60f7ccbc42b2fa9e315047, iolib-20260812-c939f25/iolib.base.asd
iolib.common-lisp, ghcr.io/ocicl/iolib@sha256:0f523172cd40b937dc1ed3ecd8d3ac1b5cb41c772c60f7ccbc42b2fa9e315047, iolib-20260812-c939f25/iolib.common-lisp.asd
iolib.conf, ghcr.io/ocicl/iolib@sha256:0f523172cd40b937dc1ed3ecd8d3ac1b5cb41c772c60f7ccbc42b2fa9e315047, iolib-20260812-c939f25/iolib.conf.asd
iolib.examples, ghcr.io/ocicl/iolib@sha256:0f523172cd40b937dc1ed3ecd8d3ac1b5cb41c772c60f7ccbc42b2fa9e315047, iolib-20260812-c939f25/iolib.examples.asd
ironclad, ghcr.io/ocicl/ironclad@sha256:3117e5a26a3e94924074c3548c235a2b733609ed61a2731880ac9e31df55428b, ironclad-20240503-6da010f/ironclad.asd
ironclad-text, ghcr.io/ocicl/ironclad@sha256:3117e5a26a3e94924074c3548c235a2b733609ed61a2731880ac9e31df55428b, ironclad-20240503-6da010f/ironclad-text.asd
iterate, ghcr.io/ocicl/iterate@sha256:6950c55e3782d58cabbbb5753111a70d8cafab8348b7fd6f2143d9abeaab46fb, iterate-20250703-d27d7ff/iterate.asd
lack, ghcr.io/ocicl/lack@sha256:cca30f5e88c2b0813f41a5bbcc44517edc7e95b9cd2aef0ae0df0044571e8673, lack-20260814-35d8b0a/lack.asd
lack-app-directory, ghcr.io/ocicl/lack@sha256:cca30f5e88c2b0813f41a5bbcc44517edc7e95b9cd2aef0ae0df0044571e8673, lack-20260814-35d8b0a/lack-app-directory.asd
lack-app-file, ghcr.io/ocicl/lack@sha256:cca30f5e88c2b0813f41a5bbcc44517edc7e95b9cd2aef0ae0df0044571e8673, lack-20260814-35d8b0a/lack-app-file.asd
lack-component, ghcr.io/ocicl/lack@sha256:cca30f5e88c2b0813f41a5bbcc44517edc7e95b9cd2aef0ae0df0044571e8673, lack-20260814-35d8b0a/lack-component.asd
lack-middleware-accesslog, ghcr.io/ocicl/lack@sha256:cca30f5e88c2b0813f41a5bbcc44517edc7e95b9cd2aef0ae0df0044571e8673, lack-20260814-35d8b0a/lack-middleware-accesslog.asd
lack-middleware-auth-basic, ghcr.io/ocicl/lack@sha256:cca30f5e88c2b0813f41a5bbcc44517edc7e95b9cd2aef0ae0df0044571e8673, lack-20260814-35d8b0a/lack-middleware-auth-basic.asd
lack-middleware-backtrace, ghcr.io/ocicl/lack@sha256:cca30f5e88c2b0813f41a5bbcc44517edc7e95b9cd2aef0ae0df0044571e8673, lack-20260814-35d8b0a/lack-middleware-backtrace.asd
lack-middleware-csrf, ghcr.io/ocicl/lack@sha256:cca30f5e88c2b0813f41a5bbcc44517edc7e95b9cd2aef0ae0df0044571e8673, lack-20260814-35d8b0a/lack-middleware-csrf.asd
lack-middleware-dbpool, ghcr.io/ocicl/lack@sha256:cca30f5e88c2b0813f41a5bbcc44517edc7e95b9cd2aef0ae0df0044571e8673, lack-20260814-35d8b0a/lack-middleware-dbpool.asd
lack-middleware-deflater, ghcr.io/ocicl/lack@sha256:cca30f5e88c2b0813f41a5bbcc44517edc7e95b9cd2aef0ae0df0044571e8673, lack-20260814-35d8b0a/lack-middleware-deflater.asd
lack-middleware-mount, ghcr.io/ocicl/lack@sha256:cca30f5e88c2b0813f41a5bbcc44517edc7e95b9cd2aef0ae0df0044571e8673, lack-20260814-35d8b0a/lack-middleware-mount.asd
lack-middleware-session, ghcr.io/ocicl/lack@sha256:cca30f5e88c2b0813f41a5bbcc44517edc7e95b9cd2aef0ae0df0044571e8673, lack-20260814-35d8b0a/lack-middleware-session.asd
lack-middleware-static, ghcr.io/ocicl/lack@sha256:cca30f5e88c2b0813f41a5bbcc44517edc7e95b9cd2aef0ae0df0044571e8673, lack-20260814-35d8b0a/lack-middleware-static.asd
lack-middleware-when, ghcr.io/ocicl/lack@sha256:cca30f5e88c2b0813f41a5bbcc44517edc7e95b9cd2aef0ae0df0044571e8673, lack-20260814-35d8b0a/lack-middleware-when.asd
lack-request, ghcr.io/ocicl/lack@sha256:cca30f5e88c2b0813f41a5bbcc44517edc7e95b9cd2aef0ae0df0044571e8673, lack-20260814-35d8b0a/lack-request.asd
lack-response, ghcr.io/ocicl/lack@sha256:cca30f5e88c2b0813f41a5bbcc44517edc7e95b9cd2aef0ae0df0044571e8673, lack-20260814-35d8b0a/lack-response.asd
lack-session-store-dbi, ghcr.io/ocicl/lack@sha256:cca30f5e88c2b0813f41a5bbcc44517edc7e95b9cd2aef0ae0df0044571e8673, lack-20260814-35d8b0a/lack-session-store-dbi.asd
lack-session-store-redis, ghcr.io/ocicl/lack@sha256:cca30f5e88c2b0813f41a5bbcc44517edc7e95b9cd2aef0ae0df0044571e8673, lack-20260814-35d8b0a/lack-session-store-redis.asd
lack-test, ghcr.io/ocicl/lack@sha256:cca30f5e88c2b0813f41a5bbcc44517edc7e95b9cd2aef0ae0df0044571e8673, lack-20260814-35d8b0a/lack-test.asd
lack-util, ghcr.io/ocicl/lack@sha256:cca30f5e88c2b0813f41a5bbcc44517edc7e95b9cd2aef0ae0df0044571e8673, lack-20260814-35d8b0a/lack-util.asd
lack-util-writer-stream, ghcr.io/ocicl/lack@sha256:cca30f5e88c2b0813f41a5bbcc44517edc7e95b9cd2aef0ae0df0044571e8673, lack-20260814-35d8b0a/lack-util-writer-stream.asd
md5, ghcr.io/ocicl/md5@sha256:7d8a8d7af07a2bcbca05ad839555730a0e021c697bf13cc02279669c7a9b038b, md5-2.0.5/md5.asd
mgl-pax, ghcr.io/ocicl/mgl-pax@sha256:b394d2470c087acaf0ccd59899b718abfa59b4726bdfea482977f6b3e104c0e5, mgl-pax-20260313-f7f9414/mgl-pax.asd
mgl-pax-bootstrap, ghcr.io/ocicl/mgl-pax@sha256:b394d2470c087acaf0ccd59899b718abfa59b4726bdfea482977f6b3e104c0e5, mgl-pax-20260313-f7f9414/mgl-pax-bootstrap.asd
mgl-pax-test, ghcr.io/ocicl/mgl-pax@sha256:b394d2470c087acaf0ccd59899b718abfa59b4726bdfea482977f6b3e104c0e5, mgl-pax-20260313-f7f9414/mgl-pax-test.asd
mgl-pax.asdf, ghcr.io/ocicl/mgl-pax@sha256:b394d2470c087acaf0ccd59899b718abfa59b4726bdfea482977f6b3e104c0e5, mgl-pax-20260313-f7f9414/mgl-pax.asdf.asd
multilang-documentation-utils, ghcr.io/ocicl/documentation-utils@sha256:b2a1b3f3bcd1a738af85ae2b0168d408c177661eab6d6bbebb254e394d983f54, documentation-utils-20230511-98630dd/multilang-documentation-utils.asd
named-readtables, ghcr.io/ocicl/named-readtables@sha256:9c467a5a6d7b4e928d4ca48986e14312cf29cd5a71347be0ebb515ebb964ced2, named-readtables-20260701-9b774b5/named-readtables.asd
named-readtables-test, ghcr.io/ocicl/named-readtables@sha256:9c467a5a6d7b4e928d4ca48986e14312cf29cd5a71347be0ebb515ebb964ced2, named-readtables-20260701-9b774b5/named-readtables-test.asd
parenscript, ghcr.io/ocicl/parenscript@sha256:b4d667abac5092a849871d58d504412e6e1e401fab3fef8f8ac2542a6dfcaa54, parenscript-20240503-1fd720b/parenscript.asd
parenscript.tests, ghcr.io/ocicl/parenscript@sha256:b4d667abac5092a849871d58d504412e6e1e401fab3fef8f8ac2542a6dfcaa54, parenscript-20240503-1fd720b/parenscript.tests.asd
parse-float, ghcr.io/ocicl/parse-float@sha256:681d769df661a44396f322e26da35bd8e5c9b857581a5f4446894d230b74e217, parse-float-20250926-622e582/parse-float.asd
plump, ghcr.io/ocicl/plump@sha256:b1cc910915346bb6d7606ae37f1cb6dad3599efa9a6bd2f926d96c9d5c34cbc7, plump-20260417-45fb7ff/plump.asd
plump-dom, ghcr.io/ocicl/plump@sha256:b1cc910915346bb6d7606ae37f1cb6dad3599efa9a6bd2f926d96c9d5c34cbc7, plump-20260417-45fb7ff/plump-dom.asd
plump-lexer, ghcr.io/ocicl/plump@sha256:b1cc910915346bb6d7606ae37f1cb6dad3599efa9a6bd2f926d96c9d5c34cbc7, plump-20260417-45fb7ff/plump-lexer.asd
plump-parser, ghcr.io/ocicl/plump@sha256:b1cc910915346bb6d7606ae37f1cb6dad3599efa9a6bd2f926d96c9d5c34cbc7, plump-20260417-45fb7ff/plump-parser.asd
proc-parse, ghcr.io/ocicl/proc-parse@sha256:0880f9acb35eb9efbe1f77a981e36e84e8f29a22b14f680c7686eb381fa87bd6, proc-parse-20240503-3afe2b7/proc-parse.asd
proc-parse-test, ghcr.io/ocicl/proc-parse@sha256:0880f9acb35eb9efbe1f77a981e36e84e8f29a22b14f680c7686eb381fa87bd6, proc-parse-20240503-3afe2b7/proc-parse-test.asd
pythonic-string-reader, ghcr.io/ocicl/pythonic-string-reader@sha256:6f0c22694e7d6b2143d116eec0f568e775343167d35c1ed36d624e485f54b3e3, pythonic-string-reader-20240503-47a70ba/pythonic-string-reader.asd
quri, ghcr.io/ocicl/quri@sha256:e2559f91600e4895e115b42dde88fcaac3677f051335d73431888dcf7af99f95, quri-0.7.0/quri.asd
quri-test, ghcr.io/ocicl/quri@sha256:e2559f91600e4895e115b42dde88fcaac3677f051335d73431888dcf7af99f95, quri-0.7.0/quri-test.asd
rfc2388, ghcr.io/ocicl/rfc2388@sha256:4190f6eb36b3b2f53def6eff56b44e76edf4086ada2feb6d88bb671a40fc9f70, rfc2388-20240503-591bcf7/rfc2388.asd
s-base64, ghcr.io/ocicl/s-base64@sha256:4dde22c69b67fa9f0d49f2f4ff4374851cb66dd1a61360fdaee866e08ab9b9b7, s-base64-20240503-ed473e2/s-base64.asd
sha1, ghcr.io/ocicl/sha1@sha256:d332af205bf3b5db2bdf8ea6df9f5127627343ce19bc313d00cfa2d80a5fb404, sha1-20240503-be8b1b1/sha1.asd
smart-buffer, ghcr.io/ocicl/smart-buffer@sha256:b8d194f5881c415fd7f0099b88dfd9e2158405c2966de15c716b155a364bf0f7, smart-buffer-20240503-619759d/smart-buffer.asd
smart-buffer-test, ghcr.io/ocicl/smart-buffer@sha256:b8d194f5881c415fd7f0099b88dfd9e2158405c2966de15c716b155a364bf0f7, smart-buffer-20240503-619759d/smart-buffer-test.asd
split-sequence, ghcr.io/ocicl/split-sequence@sha256:3a37662eedd99c42995587b9d443c4631f25c4c523091bcca31a27b880585b8e, split-sequence-2.0.1/split-sequence.asd
sqlite, ghcr.io/ocicl/sqlite@sha256:a7f80757e6ee13af06e2eeaeff1e079dba439d85ea5c7f68e262bccc40dcbd5c, cl-sqlite-0.2.1/sqlite.asd
sqlite-tests, ghcr.io/ocicl/sqlite@sha256:a7f80757e6ee13af06e2eeaeff1e079dba439d85ea5c7f68e262bccc40dcbd5c, cl-sqlite-0.2.1/sqlite-tests.asd
static-vectors, ghcr.io/ocicl/static-vectors@sha256:53e11e5689c3dbea6a3017760b55f052588003d774913539930ddc4330a69970, static-vectors-20240624-3d9d89b/static-vectors.asd
swank, ghcr.io/ocicl/swank@sha256:35d79bb3c693dc9d5624a061a2d8a8bd4c4b560d95a88e744537c005994c181a, slime-2.32/swank.asd
t-clack-handler-hunchentoot, ghcr.io/ocicl/clack@sha256:9457bea28f1ee9c49a7626c2ee23c181b5af3636b5e64a27a46ef8535818947f, clack-20241101-935be5b/t-clack-handler-hunchentoot.asd
t-clack-handler-toot, ghcr.io/ocicl/clack@sha256:9457bea28f1ee9c49a7626c2ee23c181b5af3636b5e64a27a46ef8535818947f, clack-20241101-935be5b/t-clack-handler-toot.asd
t-clack-handler-wookie, ghcr.io/ocicl/clack@sha256:9457bea28f1ee9c49a7626c2ee23c181b5af3636b5e64a27a46ef8535818947f, clack-20241101-935be5b/t-clack-handler-wookie.asd
trivial-backtrace, ghcr.io/ocicl/trivial-backtrace@sha256:89a3138695bb767c50001402fad60dacfc1e867e4e3d3579cc6f636d3e29a51c, trivial-backtrace-20240503-7f90b4a/trivial-backtrace.asd
trivial-backtrace-test, ghcr.io/ocicl/trivial-backtrace@sha256:89a3138695bb767c50001402fad60dacfc1e867e4e3d3579cc6f636d3e29a51c, trivial-backtrace-20240503-7f90b4a/trivial-backtrace-test.asd
trivial-features, ghcr.io/ocicl/trivial-features@sha256:e278e24d39060fc7d3715531b16ddd9ab7f93f22ade53e436c0b86dbae3aa065, trivial-features-1.0/trivial-features.asd
trivial-features-tests, ghcr.io/ocicl/trivial-features@sha256:e278e24d39060fc7d3715531b16ddd9ab7f93f22ade53e436c0b86dbae3aa065, trivial-features-1.0/trivial-features-tests.asd
trivial-garbage, ghcr.io/ocicl/trivial-garbage@sha256:84741c1d2d5be9e6b7466a8a7aefd82d74bedf7473b7331937f61e68df162d89, trivial-garbage-20260822-2f293dd/trivial-garbage.asd
trivial-gray-streams, ghcr.io/ocicl/trivial-gray-streams@sha256:9d702556e5973fd18e67642b18bd5a2f901972ef7d5b134615e2f5fd77396bb9, trivial-gray-streams-20260818-257d73e/trivial-gray-streams.asd
trivial-gray-streams-test, ghcr.io/ocicl/trivial-gray-streams@sha256:9d702556e5973fd18e67642b18bd5a2f901972ef7d5b134615e2f5fd77396bb9, trivial-gray-streams-20260818-257d73e/trivial-gray-streams-test.asd
trivial-indent, ghcr.io/ocicl/trivial-indent@sha256:f836220f8b42c9fef8e8e48e94ffa4435be2a743d5c668ae889304a6ac1e29d2, trivial-indent-20260812-5905ac0/trivial-indent.asd
trivial-main-thread, ghcr.io/ocicl/trivial-main-thread@sha256:341b7b7e33f96dc9ae8cf1e24396823ff7071be6ac9403c5780a22e70eddaac0, trivial-main-thread-20260812-f237084/trivial-main-thread.asd
trivial-mimes, ghcr.io/ocicl/trivial-mimes@sha256:a92350000c29520f98e349019917e9e6d283e5ff218361bae791fc5af9d17dcf, trivial-mimes-20260218-8b1ea12/trivial-mimes.asd
trivial-rfc-1123, ghcr.io/ocicl/trivial-rfc-1123@sha256:b77a6f744d8a431b3163c2e642e771a57d9fa4760e98db769316792e1b6a0160, trivial-rfc-1123-20240503-9ef59c3/trivial-rfc-1123.asd
trivial-utf-8, ghcr.io/ocicl/trivial-utf-8@sha256:014e7fa0edd7f351c8b38c3247e0cdda438235bb8a086bb0f2bac08f78ef400d, trivial-utf-8-20240503-ba9b4ff/trivial-utf-8.asd
uffi, ghcr.io/ocicl/cffi@sha256:ff62b9cedea80fe2c6ea0701757e2b301b6ee9aafa1ae720966ff2611e94f76b, cffi-20260821-787d3cd/uffi-compat/uffi.asd
usocket, ghcr.io/ocicl/usocket@sha256:282856b819b22a4319ba30a15605ee934aa23292a471fd29ea4d3f2074b3f16d, usocket-0.8.8/usocket.asd
usocket-server, ghcr.io/ocicl/usocket@sha256:282856b819b22a4319ba30a15605ee934aa23292a471fd29ea4d3f2074b3f16d, usocket-0.8.8/usocket-server.asd
usocket-test, ghcr.io/ocicl/usocket@sha256:282856b819b22a4319ba30a15605ee934aa23292a471fd29ea4d3f2074b3f16d, usocket-0.8.8/usocket-test.asd
websocket-driver, ghcr.io/ocicl/websocket-driver@sha256:3d71c3b4cbe14bd1eb79df7bb2150ee0cba7a1aa6d46d8021be12ae8839ae0d2, websocket-driver-20251122-749b617/websocket-driver.asd
websocket-driver-base, ghcr.io/ocicl/websocket-driver@sha256:3d71c3b4cbe14bd1eb79df7bb2150ee0cba7a1aa6d46d8021be12ae8839ae0d2, websocket-driver-20251122-749b617/websocket-driver-base.asd
websocket-driver-client, ghcr.io/ocicl/websocket-driver@sha256:3d71c3b4cbe14bd1eb79df7bb2150ee0cba7a1aa6d46d8021be12ae8839ae0d2, websocket-driver-20251122-749b617/websocket-driver-client.asd
websocket-driver-server, ghcr.io/ocicl/websocket-driver@sha256:3d71c3b4cbe14bd1eb79df7bb2150ee0cba7a1aa6d46d8021be12ae8839ae0d2, websocket-driver-20251122-749b617/websocket-driver-server.asd
with-user-abort, ghcr.io/ocicl/with-user-abort@sha256:c19560034f9909a7afb4110b5efd939a9f1e829d9ef9887797b98679f290c480, with-user-abort-20240503-a3db02e/with-user-abort.asd
xsubseq, ghcr.io/ocicl/xsubseq@sha256:7605d14f7cc7fd2f63190ad81fe7bd65daef105d6728ee6bb59baef49da2aa51, xsubseq-20240503-5ce430b/xsubseq.asd
xsubseq-test, ghcr.io/ocicl/xsubseq@sha256:7605d14f7cc7fd2f63190ad81fe7bd65daef105d6728ee6bb59baef49da2aa51, xsubseq-20240503-5ce430b/xsubseq-test.asd
yason, ghcr.io/ocicl/yason@sha256:d4857f9cbdd68a5d1332c7f8a4a2374b1ae0dc567d4b8f90795ff38fd490876b, yason-20250323-0c84b29/yason.asd
yason-tests, ghcr.io/ocicl/yason@sha256:d4857f9cbdd68a5d1332c7f8a4a2374b1ae0dc567d4b8f90795ff38fd490876b, yason-20250323-0c84b29/yason-tests.asd
